{"cameraMode":{"drawMode":0,"name":"Shaded","section":"Shading Mode"},"sceneLighting":true,"audioPlay":false,"sceneViewState":{"showFog":true,"showMaterialUpdate":false,"showSkybox":true,"showFlares":true,"showImageEffects":true,"showParticleSystems":true},"in2DMode":false,"pivot":{"x":2.6724586486816408,"y":2.083035945892334,"z":4.507236480712891},"rotation":{"x":-0.11252114176750183,"y":0.8702325224876404,"z":-0.23383142054080964,"w":-0.4187608063220978},"size":15.587181091308594,"orthographic":false}